,Title,Director,Year
0,The 8th Plague,Franklin Guerrero Jr,2006
1,13 Eerie,Lowell Dean,2013
2,28 Days Later,Danny Boyle,2002
3,28 Weeks Later,Juan Carlos Fresnadillo,2007
4,Abraham Lincoln vs. Zombies,Richard Schenkman,2012
5,After Sundown,Christopher Abram & Michael W. Brown,2006
6,Alien Dead,Fred Olen Ray,1980
7,All Souls Day,Jeremy Kasten,2005
8,Alone,Cho Il-hyung,2020
9,Alone,Johnny Martin,2020
10,The Amazing Adventures of the Living Corpse,Justin Paul Ritter,2012
11,American Zombie,Grace Lee,2007
12,Anger of the Dead,Francesco Picone,2016
13,Anna and the Apocalypse,John McPhail,2018
14,April Apocalypse,Jarret Tarnol,2013
15,The Astro-Zombies,Ted V. Mikels,1968
16,Automaton Transfusion,Steven C. Miller,2006
17,Autumn,Steven Rumbelow,2009
18,Baron Blood (Gli orrori del castello di Norimberga),Mario Bava,1972
19,Bath Salt Zombies,Dustin Mills,2013
20,The Battery,Jeremy Gardner,2012
21,Battle Girl: The Living Dead in Tokyo Bay (Batoru gâru),Kazuo Komizu,1991
22,Battle of the Damned,Christopher Hatton,2013
23,Battlefield Baseball (Jigoku Kôshien),Yūdai Yamaguchi,2003
24,Before Dawn,Dominic Brunt,2013
25,Beneath Still Waters,Brian Yuzna,2005
26,Beneath the Surface,Blake Reigle,2007
27,Beverly Hills Bodysnatchers,Jonathan Mostow,1989
28,Beverly Lane,Joshua Hull,2010
29,The Beyond,Lucio Fulci,1981
30,Beyond Re-Animator,Brian Yuzna,2003
31,Big Tits Zombie (Big Tits Dragon: Hot Spring Zombie vs. Stripper 5),Takao Nakano,2010
32,Bio Zombie (Sun faa sau si),Wilson Yip,1998
33,Biohazardous,Michael J. Hein,2001
34,Black Demons (Dèmoni 3),Umberto Lenzi,1991
35,"Black Magic 2 (Gou hun jiang tou, Revenge of the Zombies)",Ho Meng Hua,1976
36,Black Sheep,Jonathan King,2006
37,Black Swarm (Night of the Drones),David Winning,2007
38,Bled White,Jose Carlos Gomez,2011
39,Block Z,Mikhail Red,2019
40,"Blood Creek (Creek, Town Creek)",Joel Schumacher,2009
41,Blood Quantum,Jeff Barnaby,2019
42,Blood of the Beast,Georg Koszulinski,2003
43,Blood of Ghastly Horror,Al Adamson,1972
44,Bloodsuckers from Outer Space,Glen Coburn,1984
45,Bone Sickness,Brian Paulin,2004
46,The Boneyard,James Cummins,1990
47,The Book of Zombie,"Scott Kragelund, Paul Cranefield, Erik Van Sant",2009
48,Bowery at Midnight,Wallace Fox,1942
49,Boy Eats Girl,Stephen Bradley,2005
50,Brain Blockers,Lincoln Kupchak,2007
51,Brain Dead,Kevin Tenney,2007
52,Braindead (Dead Alive),Peter Jackson,1992
53,Bride of Re-Animator,Brian Yuzna,1991
54,Broken Springs (Broken Springs: Shrine of the Undead Zombie Bastards),Neeley Lawson,2009
55,Burial Ground: The Nights of Terror,Andrea Bianchi,1981
56,The Burning Dead,Rene Perez,2015
57,Burying The Ex,Joe Dante,2014
58,Cargo,Ben Howling and Yolanda Ramke,2017
59,The Cabin in the Woods,Drew Goddard,2011
60,Caustic Zombies,Johnny Daggers,2011
61,Cemetery Man (Dellamorte Dellamore),Michele Soavi,1994
62,Cell,Tod Williams,2016
63,The Children,Max Kalmanowicz,1980
64,Children of the Living Dead,Tor Ramsey,2001
65,Children Shouldn't Play with Dead Things,Bob Clark,1972
66,Choking Hazard,Marek Dobes,2004
67,Chopper Chicks in Zombietown,Dan Hoskins,1991
68,Christmas with the Dead,Terrill Lee Lankford,2012
69,C.H.U.D. II: Bud the C.H.U.D.,David Irving,1989
70,Cooties,Jonathan Milott & Cary Murnion,2015
71,City of the Living Dead,Lucio Fulci,1980
72,City of Rott,Frank Sudol,2006
73,Cockneys vs Zombies,Matthias Hoene,2012
74,Colin,Marc Price,2008
75,Collapse,MJ Dixon,2011
76,Contracted,Eric England,2013
77,Contracted: Phase II,Josh Forbes,2015
78,Corpses Are Forever,Jose Prendes,2003
79,Creature with the Atom Brain,Edward L. Cahn,1955
80,Creepshow,George A. Romero,1982
81,The Cross of the Devil,John Gilling,1975
82,The Crypt,Craig McMahon,2009
83,The Cured,David Freyne,2017
84,The Curse of the Doll People (Munecos infernales),Benito Alazraki,1961
85,Curse of the Living Dead (Les Démoniaques),Jean Rollin,1973
86,"Curse of the Maya (Dawn of the Living Dead, Evil Grave: Curse of the Maya)",David Heavener,2004
87,Dance of the Dead,Gregg Bishop,2008
88,Dark Floors,Pete Riski,2009
89,Dark Harvest,Paul Moore,2004
90,Dawn of the Dead,George A. Romero,1978
91,Dawn of the Dead,Zack Snyder,2004
92,Dawn of the Mummy,Frank Agrama,1981
93,Day of the Dead,George A. Romero,1985
94,Day of the Dead,Steve Miner,2008
95,Day of the Dead 2: Contagium,Ana Clavell & James Glenn Dudelson,2005
96,Day of the Dead: Bloodline,Hèctor Hernández Vicens,2018
97,Days of Darkness,Jake Kennedy,2007
98,The Dead,Howard J. Ford & Jonathan Ford,2010
99,The Dead 2: India,Howard J. Ford & Jonathan Ford,2013
100,Dead 7,Nick Carter,2016
101,Dead Air,Corbin Bernsen,2009
102,Dead & Breakfast,Matthew Leutwyler,2004
103,Dead & Buried,Gary Sherman,1981
104,The Dead and the Damned,Rene Perez,2010
105,The Dead and the Damned 2,Rene Perez,2014
106,Dead and Deader,Patrick Dinhut,2006
107,Dead Before Dawn,April Mullen,2012
108,The Dead Don't Die,Jim Jarmusch,2019
109,Dead Earth,Wych Kaosayananda,2020
110,The Dead Hate the Living!,Dave Parker,2000
111,Dead Heat,Mark Goldblatt,1988
112,The Dead Inside,Andrew Gilbert,2013
113,Dead Meat,Conor McMahon,2004
114,Dead Men Walking,Peter Mervis,2005
115,Dead Moon Rising,Mark E. Poole,2007
116,The Dead Next Door,J.R. Bookwalter,1988
117,The Dead One (Blood of the Zombie),Barry Mahon,1961
118,El Muerto (The Dead One),Brian Cox,2007
119,The Dead Outside,Kerry Anne Mullaney,2008
120,The Dead Pit,Brett Leonard,1989
121,Dead Rising: Endgame,Pat Williams,2016
122,Dead Rising: Watchtower,Zach Lipovsky,2015
123,Dead Sands,Ameera Al Qaed,2013
124,Dead Snow,Tommy Wirkola,2009
125,Dead Snow: Red vs. Dead,Tommy Wirkola,2014
126,Dead Space: Downfall,Chuck Patton,2008
127,Dead Within,Ben Wagner,2014
128,Deadgirl,Marcel Sarmiento & Gadi Harel,2008
129,DeadHeads,Brett Pierce & Drew T. Pierce,2011
130,Deadly Friend,Wes Craven,1986
131,Death Warmed Up,David Blythe,1984
132,Deathdream (Dead of Night),Bob Clark,1974
133,Deathwatch,Michael J. Bassett,2002
134,Decay,Luke Thompson,2012
135,Deep River: The Island,Ben Bachelder,2008
136,Descendents (Solos),Jorge Olguín,2008
137,Detention of the Dead,Alex Craig Mann,2012
138,The Devil's Daughter (Pocomania),Arthur H. Leonard,1939
139,Devil's Playground,Mark McQueen,2010
140,Diary of the Dead,George A. Romero,2008
141,Die-ner (Get It?),Patrick Horvath,2010
142,Die You Zombie Bastards!,Caleb Emerson,2005
143,Die Zombiejäger,Jonas Wolcher,2005
144,"The Discarnates (Summer Among the Zombies, Ijintachi tono natsu)",Nobuhiko Obayashi,1988
145,Doc of the Dead,Alexandre O. Philippe,2014
146,Doctor Blood's Coffin,Sidney J. Furie,1961
147,Doghouse,Jake West,2009
148,Don't Go in the House,Joseph Ellison,1980
149,Doom,Andrzej Bartkowiak,2005
150,Dorm of the Dead,Donald Farmer,2007
151,Dr. Satán y la magia negra (Dr. Satan Versus Black Magic),Rogelio A. González,1968
152,Dylan Dog: Dead of Night,Kevin Munroe,2011
153,The Earth Dies Screaming,Terence Fisher,1964
154,Eat Me! (The Eaters),Katie Carman,2009
155,Ed and His Dead Mother,Jonathan Wacks,1993
156,Edges of Darkness,Jason Horton & Blaine Cade,2008
157,In un giorno la fine (The End?),Daniele Misischia,2017
158,Endzeit (Ever After),Carolina Hellsgard,2018
159,Erotic Nights of the Living Dead (Sexy Nights of the Living Dead),Joe D'Amato,1980
160,Evil (To Κακό),Yorgos Noussias,2005
161,Evil Head,Doug Sakmann,2012
162,Evil: In the Time of Heroes (To Κακό 2: Στην Eποχή Tων Hρώων),Yorgos Noussias,2009
163,Exhumed,Brian Clement,2003
164,Exit Humanity,John Geddes,2011
165,Extinction,Miguel Angel Vivas,2015
166,Fading of the Cries,Brian A. Metcalf,2011
167,Fantasy Island,Jeff Wadlow,2020
168,Fido,Andrew Currie,2006
169,Flesheater (Zombie Nosh),Bill Hinzman,1988
170,Flick,David Howard,2008
171,Flight of the Living Dead: Outbreak on a Plane,Scott Thomas,2007
172,The Fog,John Carpenter,1980
173,Forbidden Siren (Sairen),Yukihiko Tsutsumi,2006
174,Forest of the Dead,Brian Singleton,2007
175,The Four Skulls of Jonathan Drake,Edward L. Cahn,1959
176,Frankenhooker,Frank Henenlotter,1990
177,Frankenstein Island,Jerry Warren,1981
178,Frankenstein's Army,Richard Raaphorst,2013
179,Freaks of Nature,Robbie Pickering,2015
180,The Frozen Dead,Herbert J. Leder,1966
181,Frozen Scream,Frank Roach,1980
182,Gallowwalkers,Andrew Goth,2009
183,Gangs of the Dead (Last Rites),Duane Stinnett,2006
184,Garden of the Dead,John Hayes,1974
185,George: A Zombie Intervention,J.T. Seaton,2009
186,Germ Z,J.T. Boone,2013
187,The Ghost Breakers,George Marshall,1940
188,Ghost Brigade (The Lost Brigade),George Hickenlooper,1993
189,The Ghost Galleon,Amando de Ossorio,1974
190,"The Ghouls (Cannibal Dead: The Ghouls, Urban Cannibals)",Chad Ferrin,2003
191,The Girl with All the Gifts,Colm McCarthy,2016
192,Go Goa Gone,Raj Nidimoru and Krishna D.K.,2013
193,Goal of the Dead,Thierry Poiraud and Benjamin Rocher,2014
194,Gory Gory Hallelujah,Sue Corcoran,2003
195,Grave Mistake,Shawn Darling,2008
196,Graveyard Alive: A Zombie Nurse in Love,Elza Kephart,2004
197,The Guard Post,Kong Su-chang,2008
198,The Hanging Woman (Return of the Zombies),José Luis Merino,1973
199,Hell of the Living Dead (Night of the Zombies),Bruno Mattei,1981
200,Here Alone,Rod Blackhurst,2016
201,"The Hidan of Maukbeiangjow(Invasion of the Girl Snatchers, Kaspar and Prudence Laugh Till It Hurts at The Killers of the Zombie Plot: A Musical)",Lee Jones,1973
202,Hide and Creep,Chuck Hartsell & Chance Shirley,2004
203,The Hive,David Yarovesky,2014
204,Hood of the Living Dead,Eduardo Quiroz & Jose Quiroz,2005
205,The Horde (La Horde),Yannick Dahan & Benjamin Rocher,2009
206,"Horror Express (Pánico en el Transiberiano, Panic on the Trans-Siberian Express)",Eugenio Martín,1973
207,The Horror of Party Beach,Del Tenney,1964
208,Horror Rises from the Tomb,Carlos Aured,1972
209,Horrors of War,Peter John Ross & John Whitney,2006
210,Horrorween,Joe Estevez,2010
211,The House by the Cemetery,Lucio Fulci,1981
212,House of the Damned,Sean Weathers,1996
213,House of the Dead,Uwe Boll,2003
214,House of the Dead 2,Michael Hurst,2005
215,The House of Seven Corpses,Paul Harrison,1974
216,Hysterical,Chris Bearde,1983
217,I Am a Hero,Shinsuke Sato,2016
218,I Am Legend,Francis Lawrence,2007
219,I Am Omega,Griff Furst,2007
220,I Eat Your Skin (Zombies),Del Tenney,1971
221,Inmate Zero (Patients of a Saint),Russell Owen,2020
222,I Sell the Dead,Glenn McQuaid,2008
223,I Survived a Zombie Holocaust,Guy Pigden,2014
224,I Walked with a Zombie,Jacques Tourneur,1943
225,I Was a Teenage Zombie,John Elias Michalakis,1987
226,I Was a Zombie for the F.B.I.,Marius Penczner,1982
227,"I, Zombie: The Chronicles of Pain (I, Zombie)",Andrew Parkinson,1999
228,The Incredibly Strange Creatures Who Stopped Living and Became Mixed-Up Zombies,Ray Dennis Steckler,1964
229,Insanitarium,Jeff Buhler,2008
230,Invisible Invaders,Edward L. Cahn,1959
231,"Island: Wedding of the Zombies (Ada: Zombilerin Düğünü, The Zombie Wedding)","Murat Emir Eren, Talip Ertürk",2010
232,Isle of the Snake People (La muerte viviente),Juan Ibáñez,1971
233,It Stains the Sands Red,Colin Minihan,2016
234,JeruZalem,Doron Paz and Yoav Paz,2015
235,Juan of the Dead (Juan de los Muertos),Alejandro Brugués,2010
236,Junk (Shiryo-gari),Atsushi Muroga,2000
237,Kampung Zombie (Zombie Village),Billy Christian,2015
238,Killing Spree,Tim Ritter,1987
239,King of the Zombies,Jean Yarbrough,1941
240,"The Kirishima Thing (Kirishima, Bukatsu Yamerutteyo)",Daihachi Yoshida,2012
241,Kiss Daddy Goodbye (Revenge of the Zombie),Patrick Regan,1981
242,KL Zombi,Woo Ming Jin,2011
243,Kung Fu Zombie (Wu long tian shi zhao ji gui),Hwa I Hung,1981
244,L.A. Zombie (Gay of the Dead),Bruce LaBruce,2010
245,Land of the Dead,George A. Romero,2005
246,The Last Days on Mars,Ruairí Robinson,2013
247,The Last Man on Earth (L'ultimo uomo della Terra),Ubaldo Ragona,1964
248,Last of the Living,Logan McMillan,2008
249,Last Rites of the Dead,Marc Fratto,2006
250,The Legend of the 7 Golden Vampires,Roy Ward Baker,1973
251,Legion of the Night,Matt Jaissle,1995
252,Let Sleeping Corpses Lie,Jorge Grau,1974
253,Life After Beth,Jeff Baena,2014
254,Lifeforce,Tobe Hooper,1985
255,A Little Bit Zombie,Casey Walker,2012
256,Little Monsters,Abe Forsythe,2019
257,Livelihood,Ryan Graham,2005
258,Machine Head,"Michael Patrick, Leonard Murphy",2000
259,The Mad,John Kalangis,2007
260,Maggie,Henry Hobson,2015
261,Make-out with Violence,Deagol Brothers,2008
262,Maniac,Dwain Esper,1934
263,Maniac Cop,William Lustig,1988
264,Maniac Cop 2,William Lustig,1990
265,Mansion of the Living Dead,Jesús Franco,1982
266,Meat Market,Brian Clement,2000
267,Meat Market 2,Brian Clement,2001
268,Messiah of Evil,Willard Huyck & Gloria Katz,1972
269,Miruthan,Shakti Soundar Rajan,2016
270,Miss Zombie,Sabu,2013
271,Monstrosity (The Atomic Brain),Joseph Mascelli,1963
272,La Morte Vivante (The Living Dead Girl),Jean Rollin,1982
273,Mortuary,Tobe Hooper,2005
274,Mulberry Street,Jim Mickle,2006
275,Mutant,John Cardos,1984
276,Mutants,David Morlet,2009
277,My Boyfriend's Back,Bob Balaban,1993
278,Die Nacht der lebenden Loser (Night of the Living Dorks),Mathias Dinter [de],2004
279,Navyseals vs. Zombies,Stanton Barrett,2015
280,Necropolis Awakened,Garrett White,2002
281,Netherworld,David Schmoeller,1991
282,The Night Eats the World,Dominique Rocher,2018
283,Night Life,David Acomba,1989
284,Night of the Comet,Thom Eberhardt,1984
285,Night of the Creeps,Fred Dekker,1986
286,"Night of the Day of the Dawn of the Son of the Bride of the Return of the Revenge of the Terror of the Attack of the Evil, Mutant, Alien, Flesh Eating, Hellbound, Zombified Living Dead Part 2: In Shocking 2-D",James Riffel,1991
287,Night of the Dead (Night of the Leben Tod),Eric Forsberg,2006
288,Night of the Living Dead,George A. Romero,1968
289,Night of the Living Dead,Tom Savini,1990
290,Night of the Living Dead,Chad Zuver,2014
291,Night of the Living Dead 3D (Night of the Living DE3D),Jeff Broadstreet,2006
292,Night of the Living Dead 3D: Re-Animation,Jeff Broadstreet,2012
293,Night of the Living Dead: Darkest Dawn,Zebediah de Soto,2015
294,Night of the Living Dead: Reanimated,Mike Schneider,2009
295,Night of the Living Dead: Resurrection,James Plumb,2012
296,Night of the Living Deb,Kyle Rankin,2015
297,Night of the Seagulls,Amando de Ossorio,1975
298,The Night Shift,Thomas Smith,2009
299,Nightmare City (City of the Walking Dead),Umberto Lenzi,1980
300,Ninjas vs. Zombies,Justin Timpane,2008
301,Nixon and Hogan Smoke Christmas,Kevin Strange,2010
302,Nudist Colony of the Dead,Mark Pirro,1991
303,Oasis of the Zombies,Jesús Franco,1982
304,The Odd Family: Zombie on Sale,Lee Min-jae,2019
305,Oh! My Zombie Mermaid (Â! Ikkenya puroresu),Naoki Kubo,2004
306,Ojuju,C.J. Obasi,2014
307,One Cut of the Dead,Shinichiro Ueda,2018
308,One Dark Night,Tom McLoughlin,1983
309,Open Grave,Gonzalo López-Gallego,2013
310,Ouanga,George Terwillger,1936
311,Outpost,Steve Barker,2008
312,Outpost: Black Sun,Steve Barker,2012
313,Outpost: Rise of the Spetsnaz,Kieran Parker,2013
314,Overlord,Julius Avery,2018
315,Ozone,J.R. Bookwalter,1993
316,ParaNorman,Sam Fell & Chris Butler,2012
317,Pathogen,Emily Hagins,2006
318,Patient Zero,Stefan Ruzowitzky,2018
319,Peninsula,Yeon Sang-ho,2020
320,Pet Sematary,Mary Lambert,1989
321,Pet Sematary,Kevin Kölsch & Dennis Widmyer,2019
322,Pet Sematary Two,Mary Lambert,1992
323,Phantasm,Don Coscarelli,1979
324,Phantasm II,Don Coscarelli,1988
325,Phantasm III: Lord of the Dead,Don Coscarelli,1994
326,Phi Ha Ayodhaya (The Black Death),Chalermchatri Yukol,2015
327,Pirates of the Caribbean: On Stranger Tides,Rob Marshall,2011
328,Plaga Zombie,Pablo Parés & Hernán Sáez,1997
329,Plaga Zombie: Zona Mutante,Pablo Parés & Hernán Sáez,2001
330,The Plague (Clive Barker's The Plague),Hal Masonberg,2006
331,The Plague of the Zombies,John Gilling,1966
332,Plaguers,Brad Sykes,2008
333,Plan 9 from Outer Space,Ed Wood,1959
334,Planet Terror,Robert Rodriguez,2007
335,Pontypool,Bruce McDonald,2009
336,Pop Punk Zombies,Steve Dayton,2011
337,Portrait of a Zombie,Bing Bailey,2012
338,Poultrygeist: Night of the Chicken Dead,Lloyd Kaufman,2006
339,"Premutos: The Fallen Angel (Premutos – Der gefallene Engel, a.k.a. Premutos: Lord of the Living Dead)",Olaf Ittenbach,1997
340,Pride and Prejudice and Zombies,Burr Steers,2016
341,Prince of Darkness (John Carpenter's Prince of Darkness),John Carpenter,1987
342,Pro Wrestlers vs Zombies,Cody Knotts,2013
343,Pushin' Up Daisies,Patrick Franklin,2010
344,Quarantine,John Erick Dowdle,2008
345,Quarantine 2: Terminal,John Pogue,2011
346,The Quick and the Undead,Gerald Nott,2006
347,Rabid,David Cronenberg,1977
348,Rabid,Jen Soska & Sylvia Soska,2019
349,Raiders of the Living Dead,Samuel M. Sherman,1986
350,"Les Raisins de la Mort (The Grapes of Death, Pesticide)",Jean Rollin,1978
351,Rammbock,Marvin Kren,2010
352,Rampant,Kim Sung-hoon,2018
353,The Rape After,Ho Meng Hua & Moon-Tong Lau,1986
354,Ravenous (Les Affamés),Robin Aubert,2017
355,Re-Animator,Stuart Gordon,1985
356,REC,Jaume Balagueró & Paco Plaza,2007
357,REC 2,Jaume Balagueró & Paco Plaza,2009
358,REC 3: Genesis,Paco Plaza,2012
359,REC 4: Apocalypse,Jaume Balagueró,2014
360,Redcon-1,Cheung Chee Keong,2018
361,Redneck Zombies,Pericles Lewnes,1987
362,Reel Zombies,David J. Francis,2008
363,Reichsführer SS,David B. Stewart,2014
364,Remains (Steve Niles' Remains),Colin Theys,2011
365,Remington and the Curse of the Zombadings (Zombadings 1: Patayin sa Shokot si Remington),Jade Castro,2011
366,Resident Evil,Paul W. S. Anderson,2002
367,Resident Evil: Afterlife,Paul W. S. Anderson,2010
368,Resident Evil: Apocalypse,Alexander Witt,2004
369,Resident Evil: Damnation,Makoto Kamiya,2012
370,Resident Evil: Degeneration (Biohazard: Degeneration),Makoto Kamiya,2008
371,Resident Evil: Extinction,Russell Mulcahy,2007
372,Resident Evil: The Final Chapter,Paul W. S. Anderson,2016
373,Resident Evil: Retribution,Paul W. S. Anderson,2012
374,Resident Evil: Vendetta,Takanori Tsujimoto,2017
375,Return of the Blind Dead,Amando de Ossorio,1973
376,The Return of the Living Dead,Dan O'Bannon,1985
377,Return of the Living Dead Part II,Ken Wiederhorn,1988
378,Return of the Living Dead 3,Brian Yuzna,1993
379,Return of the Living Dead: Necropolis,Ellory Elkayem,2005
380,Return of the Living Dead: Rave to the Grave,Ellory Elkayem,2005
381,The Crazies,Breck Eisner,2010
382,The Returned,Manuel Carballo,2013
383,Revenge of the Living Dead Girls,Pierre B. Reinhard,1987
384,The Revenant,D. Kerry Prior,2009
385,Revenge of the Zombies,Steve Sekely,1943
386,Revolt of the Zombies,Victor Halperin,1936
387,The Rezort,Steve Barker,2015
388,Rise of the Zombies,Nick Lyon,2012
389,Ritual (Tales from the Crypt: Ritual),Avi Nesher,2002
390,War of the Zombies (Rome Against Rome),Giuseppe Vari,1964
391,The Roost,Ti West,2005
392,Route 666,William Wesley,2001
393,Run,Touch Oudom,2013
394,Santo vs. the Zombies (Invasion of the Zombies),Benito Alazraki,1962
395,SARS Wars,Taweewat Wantha,2004
396,Scary or Die,"Bob Badway, Michael Emanuel, Igor Meglic",2012
397,Scooby-Doo on Zombie Island,Hiroshi Aoyama & Kazumi Fukushima,1998
398,School-Live!,Issei Shibata,2019
399,Schoolgirl Apocalypse,John S. Cairns,2011
400,Scouts Guide to the Zombie Apocalypse,Christopher B. Landon,2015
401,Seoul Station,Yeon Sang-ho,2016
402,The Serpent and the Rainbow,Wes Craven,1988
403,Severed: Forest of the Dead,Carl Bessai,2005
404,"Sexykiller (Sexykiller, morirás por ella)",Paco Cabeza,2008
405,Shadow: Dead Riot,Derek Wan,2006
406,"Shaolin vs. Evil Dead (Shao lin jiang shi, Siu lam geung see)",Douglas Kung,2004
407,Shatter Dead,Scooter McCrae,1994
408,Shaun of the Dead,Edgar Wright,2004
409,Shed of the Dead,Drew Cullingham,2019
410,Shock Waves,Ken Wiederhorn,1977
411,Sick: Survive the Night,Ryan M. Andrews,2012
412,"Silent Night, Zombie Night",Sean Cain,2009
413,"Sint (Saint, Saint Nick)",Dick Maas,2010
414,The Sky Has Fallen,Doug Roos,2009
415,Slither,James Gunn,2006
416,Special Dead,Thomas L. Phillips and Sean Simmons,2006
417,Splinter,Toby Wilkins,2008
418,Stacy,Naoyuki Tomomatsu,2001
419,Stag Night of the Dead,Neil Jones,2010
420,Stalled,Christian James,2013
421,State of Emergency,Turner Clay,2011
422,The Stink of Flesh,Scott Phillips,2005
423,The Stories of Grandmother Basyang (Mga Kuwento ni Lola Basyang),Maryo J. delos Reyes,1985
424,Sugar Hill,Paul Maslansky,1974
425,The Supernaturals,Armand Mastroianni,1986
426,Surf II,Randall Badat,1984
427,Survival of the Dead,George A. Romero,2009
428,Swamp Zombies,Len Kabasinski,2005
429,Tales of Terror,Roger Corman,1962
430,Teenage Exorcist,Grant Austin Waldman,1991
431,Teenage Zombies,Jerry Warren,1959
432,"Terror-Creatures from the Grave (5 tombe per un medium, Cemetery of the Living Dead)",Massimo Pupillo,1965
433,The Omega Man,Boris Sagal,1971
434,The Wailing,Na Hong-jin,2016
435,They Came Back,Robin Campillo,2004
436,They Walk,Charles House II,2010
437,Tokyo Zombie,Sakichi Satō,2005
438,Tombs of the Blind Dead,Amando de Ossorio,1972
439,Tormented,Jon Wright,2009
440,Toxic Zombies,Charles McCrann,1980
441,Trailer Park of Terror,Steven Goldmann,2008
442,Train to Busan,Yeon Sang-ho,2016
443,Trip Ubusan: The Lolas vs. Zombies,Mark A. Reyes,2017
444,Uncle Sam,William Lustig,1996
445,Undead,Michael Spierig & Peter Spierig,2003
446,Undead or Alive,Glasgow Phillips,2007
447,Undead Pool (Attack Girls' Swim Team versus the Undead),Kôji Kawano,2007
448,"Uniform SurviGirl I (Seifuku Survivor Girl, Seifuku sabaigâru I)",Hiroshi Kaneko,2008
449,Urban Decay,Harry Basil,2007
450,Valley of the Zombies,Philip Ford,1946
451,Vampires vs. Zombies (Carmilla the Lesbian Vampire),Vince D'Amato,2004
452,Vengeance of the Zombies (La rebelión de las muertas),León Klimovsky,1973
453,Vere Vazhi Ille (No Other Way),M.S. Prem Nath,2015
454,Versus (Vāsasu),Ryuhei Kitamura,2000
455,V/H/S,Adam Wingard (one segment only),2012
456,V/H/S/2,Eduardo Sánchez & Gregg Hale (one segment only),2013
457,The Video Dead,Robert Scott,1987
458,The Vineyard,James Hong,1989
459,Violent Shit III: Infantry of Doom (Zombie Doom),Andreas Schnaas,1999
460,A Virgin Among the Living Dead,Jesús Franco,1973
461,Virus Undead,Wolf Wolff and Ohmuti,2008
462,Voodoo,Rene Eram,1995
463,Voodoo Dawn,Steven Fierberg,1990
464,Voodoo Island,Reginald LeBorg,1957
465,Voodoo Man,William Beaudine,1944
466,War of the Dead (Stone's War),Marko Makilaakso,2011
467,Warm Bodies,Jonathan Levine,2013
468,Warning Sign,Hal Barwood,1985
469,Wasting Away (Aaah! Zombies!!),Matthew Kohnen,2007
470,Waxwork,Anthony Hickox,1988
471,Waxwork II: Lost in Time,Anthony Hickox,1992
472,Weekend at Bernie's II,Robert Klane,1993
473,Sorgenfri (What We Become),Bo Mikkelson,2015
474,White Zombie,Victor Halperin,1932
475,Wicked Little Things,J.S. Cardone,2006
476,"Wilczyca (The Wolf, She-Wolf)",Marek Piestrak,1983
477,Wild Zero,Tetsuro Takeuchi,2000
478,The Woman Eater (Womaneater),Charles Saunders,1957
479,World War Z,Marc Forster,2013
480,Wyrmwood: Road of the Dead,Kiah Roache-Turner,2014
481,"Yoroi Samurai Zombie (Yoroi: Samurai Zonbie, Samurai Zombie)",Tak Sakaguchi,2008
482,Z Island,Hiroshi Shinagawa,2015
483,Zeder (Revenge of the Dead),Pupi Avati,1983
484,Zeta (When The Dead Awaken),Amanda Iswan,2018
485,Zibahkhana (Hell's Ground),Omar Khan,2007
486,ZMD: Zombies of Mass Destruction,Kevin Hamedani,2009
487,Zombeavers,Jordan Rubin,2014
488,"Zombi 2 (Zombie, Zombie Flesh Eaters)",Lucio Fulci,1979
489,Zombi 3 (Zombie Flesh Eaters 2),Lucio Fulci & Bruno Mattei,1988
490,Zombi Child,Bertrand Bonello,2019
491,Zombi Kampung Pisang (Zombies from Banana Village),Mamat Khalid,2007
492,Zombibi (Kill Zombie or Zombie Kill),Martijn Smits & Erwin van den Eshof,2012
493,Zombie,Bhuvan R Nullan,2019
494,Zombie 108,Joe Chien,2012
495,"Zombie 4: After Death (Oltre la morte, Zombie Flesh Eaters 3)",Claudio Fragasso,1988
496,Zombie 5: Killing Birds (Uccelli assassini),Claudio Lattanzi,1991
497,Zombie Apocalypse,Nick Lyon,2011
498,Zombie Ass (Zombie Ass: Toilet of the Dead),Noboru Iguchi,2011
499,Zombie Bloodbath,Todd Sheets,1993
500,Zombie Brigade,Carmelo Musca & Barrie Pattison,1988
501,Zombie Chronicles,Brad Sykes,2001
502,The Zombie Diaries,Michael Bartlett & Kevin Gates,2006
503,The Zombie Diaries 2,Michael Bartlett & Kevin Gates,2011
504,The Zombie Farm,Ricardo Islas,2011
505,Zombie Fight Club,Joe Chien,2014
506,Krachak Krien (Zombie Fighters),Poj Arnon,2017
507,Zombie High,Ron Link,1987
508,Zombie Holocaust (Zombi Holocaust),Marino Girolami,1980
509,Zombie Holocaust (Female Mercenaries on Zombie Island),Gary Whitson,1995
510,Zombie Honeymoon,David Gebroe,2004
511,Zombie Hunter,Kevin King,2013
512,The Zombie King,Aidan Belizaire,2013
513,"Zombie King and the Legion of Doom (Zombie Beach Party, Enter ... Zombie King)",Stacey Case,2004
514,Zombie Lake,Jean Rollin,1981
515,Zombie Massacre,Luca Boni and Marco Ristori,2013
516,Zombie Nation,Ulli Lommel,2004
517,Zombie Night,David J. Francis,2003
518,Zombie Night,John Gulager,2013
519,Zombie Night 2: Awakening,David J. Francis,2006
520,Zombie Nightmare,Jack Bravman,1986
521,Zombie Planet,George Bonilla,2003
522,Zombie Self-Defense Force (Zonbi jieitai),Naoyuki Tomomatsu,2006
523,Zombie Strippers,Jay Lee,2008
524,Zombie Undead,Rhys Davies,2010
525,Zombie! vs. Mardi Gras,Will Frank & Karl DeMolay,1999
526,Zombie Wars,David A. Prior,2006
527,Zombie Women of Satan,Steve O'Brien and Warren Speed,2009
528,Zombiegeddon,Chris Watson,2003
529,Zombieland,Ruben Fleischer,2009
530,Zombieland: Double Tap,Ruben Fleischer,2019
531,Zombies,Hamid Torabpour,2017
532,Zombies,Paul Hoen,2018
533,Zombies In Tha Hood,Leon Mitchell,2016
534,Zombies of Mora Tau,Edward L. Cahn,1957
535,Zombies on Broadway (Loonies on Broadway),Gordon Dines & Gordon M. Douglas,1945
536,Zombies! Zombies! Zombies!,Jason M. Murphy,2008
537,Zombiez,John Bacchus,2005
538,The Zombinator,Sergio Myers,2012
539,Zombiology: Enjoy Yourself Tonight,Alan Lo Wai-lun,2017
540,Zombiepura,Jacen Tan,2018
541,"Zone of the Dead (Зона мртвих, Zona Mrtvih, Apocalypse of the Dead)",Milan Konjević & Milan Todorović,2009
542,Zoombies,Glenn R. Miller,2016
